{
  "main": {
    "id": "acb56abf018907d3",
    "type": "split",
    "children": [
      {
        "id": "8317e3eced33a5f1",
        "type": "tabs",
        "children": [
          {
            "id": "510eee819aac7374",
            "type": "leaf",
            "state": {
              "type": "markdown",
              "state": {
                "file": "Files & Images/Task 1.zip.md",
                "mode": "source",
                "source": false
              }
            }
          }
        ]
      }
    ],
    "direction": "vertical"
  },
  "left": {
    "id": "b3ad6c9224163392",
    "type": "split",
    "children": [
      {
        "id": "d5a340b7ff7eefca",
        "type": "tabs",
        "children": [
          {
            "id": "859fe4c3c5c46ecd",
            "type": "leaf",
            "state": {
              "type": "file-explorer",
              "state": {
                "sortOrder": "alphabetical"
              }
            }
          },
          {
            "id": "1dbe41d5da027037",
            "type": "leaf",
            "state": {
              "type": "search",
              "state": {
                "query": "",
                "matchingCase": false,
                "explainSearch": false,
                "collapseAll": false,
                "extraContext": false,
                "sortOrder": "alphabetical"
              }
            }
          },
          {
            "id": "861c17b18ce54c76",
            "type": "leaf",
            "state": {
              "type": "bookmarks",
              "state": {}
            }
          }
        ]
      }
    ],
    "direction": "horizontal",
    "width": 300
  },
  "right": {
    "id": "e73ca28eecaa7af1",
    "type": "split",
    "children": [
      {
        "id": "850fbc214fcca053",
        "type": "tabs",
        "children": [
          {
            "id": "c09842702868d0aa",
            "type": "leaf",
            "state": {
              "type": "backlink",
              "state": {
                "file": "Files & Images/Task 1.zip.md",
                "collapseAll": false,
                "extraContext": false,
                "sortOrder": "alphabetical",
                "showSearch": false,
                "searchQuery": "",
                "backlinkCollapsed": false,
                "unlinkedCollapsed": true
              }
            }
          },
          {
            "id": "ff3324540f2e61cb",
            "type": "leaf",
            "state": {
              "type": "outgoing-link",
              "state": {
                "file": "Files & Images/Task 1.zip.md",
                "linksCollapsed": false,
                "unlinkedCollapsed": true
              }
            }
          },
          {
            "id": "fc4e22ef21fc3d8d",
            "type": "leaf",
            "state": {
              "type": "tag",
              "state": {
                "sortOrder": "frequency",
                "useHierarchy": true
              }
            }
          },
          {
            "id": "c93e08e95be41613",
            "type": "leaf",
            "state": {
              "type": "outline",
              "state": {
                "file": "Files & Images/Task 1.zip.md"
              }
            }
          }
        ]
      }
    ],
    "direction": "horizontal",
    "width": 300,
    "collapsed": true
  },
  "left-ribbon": {
    "hiddenItems": {
      "switcher:Open quick switcher": false,
      "graph:Open graph view": false,
      "canvas:Create new canvas": false,
      "daily-notes:Open today's daily note": false,
      "templates:Insert template": false,
      "command-palette:Open command palette": false
    }
  },
  "active": "859fe4c3c5c46ecd",
  "lastOpenFiles": [
    "Android concepts/Development",
    "Files/elephant.jpg",
    "Files & Images/Task 1.zip.md",
    "Android concepts/Testing/simple examples.md",
    "Files/All files.md",
    "elephant.jpg",
    "Task 1.zip",
    "Files & Images",
    "Task.zip",
    "Android concepts/Development/Dependency Injection.md",
    "Android concepts/Testing",
    "Android concepts/Learn by doing/Task.zip",
    "Android concepts/Learn by doing",
    "Office related",
    "Others",
    "Android concepts",
    "Android concepts/Development/DI basic Idea.md"
  ]
}