{
  "collapse-filter": false,
  "search": "",
  "showTags": true,
  "showAttachments": false,
  "hideUnresolved": false,
  "showOrphans": true,
  "collapse-color-groups": true,
  "colorGroups": [
    {
      "query": "",
      "color": {
        "a": 1,
        "rgb": 11657298
      }
    }
  ],
  "collapse-display": true,
  "showArrow": false,
  "textFadeMultiplier": 0,
  "nodeSizeMultiplier": 1,
  "lineSizeMultiplier": 1,
  "collapse-forces": false,
  "centerStrength": 0.479166666666667,
  "repelStrength": 20,
  "linkStrength": 1,
  "linkDistance": 123,
  "scale": 0.06699744995282464,
  "close": false
}