{
  "app:open-settings": [
    {
      "modifiers": [
        "Alt"
      ],
      "key": "S"
    }
  ],
  "app:go-back": [
    {
      "modifiers": [
        "Alt"
      ],
      "key": "Z"
    }
  ],
  "app:go-forward": [
    {
      "modifiers": [
        "Alt"
      ],
      "key": "X"
    }
  ],
  "editor:cycle-list-checklist": [
    {
      "modifiers": [
        "Alt"
      ],
      "key": "B"
    }
  ],
  "editor:insert-wikilink": [
    {
      "modifiers": [
        "Alt"
      ],
      "key": "L"
    }
  ],
  "app:delete-file": [
    {
      "modifiers": [
        "Alt",
        "Mod",
        "Shift"
      ],
      "key": "K"
    }
  ],
  "font-size:increment-font-size": [
    {
      "modifiers": [
        "Mod",
        "Shift"
      ],
      "key": "."
    }
  ],
  "font-size:decrement-font-size": [
    {
      "modifiers": [
        "Mod",
        "Shift"
      ],
      "key": ","
    }
  ],
  "obsidian-excalidraw-plugin:excalidraw-autocreate-newtab": [
    {
      "modifiers": [
        "Mod",
        "Shift"
      ],
      "key": "D"
    }
  ],
  "open-with-default-app:show": [
    {
      "modifiers": [
        "Alt",
        "Shift"
      ],
      "key": "F"
    }
  ],
  "file-explorer:open": [
    {
      "modifiers": [
        "Alt"
      ],
      "key": "F"
    }
  ]
}