{
  "main": {
    "id": "001b3cfa9dd3b5b0",
    "type": "split",
    "children": [
      {
        "id": "fd9c7db45e067c21",
        "type": "tabs",
        "children": [
          {
            "id": "c263bda1e273db0a",
            "type": "leaf",
            "state": {
              "type": "markdown",
              "state": {
                "file": "Atoms/minimalist decision making.md",
                "mode": "source",
                "source": false
              }
            }
          }
        ]
      }
    ],
    "direction": "vertical"
  },
  "left": {
    "id": "04393ad56c240d55",
    "type": "split",
    "children": [
      {
        "id": "85e5aac521de5a56",
        "type": "tabs",
        "children": [
          {
            "id": "fde1b52ea0e250bf",
            "type": "leaf",
            "state": {
              "type": "diagram-edit",
              "state": {
                "file": "Atoms/Untitled Diagram.svg"
              }
            }
          },
          {
            "id": "76b351b5e6cb527b",
            "type": "leaf",
            "state": {
              "type": "search",
              "state": {
                "query": "argument",
                "matchingCase": false,
                "explainSearch": false,
                "collapseAll": false,
                "extraContext": false,
                "sortOrder": "alphabetical"
              }
            }
          },
          {
            "id": "b096c8afabee5e2e",
            "type": "leaf",
            "state": {
              "type": "bookmarks",
              "state": {}
            }
          },
          {
            "id": "70d21ff08c907923",
            "type": "leaf",
            "state": {
              "type": "file-explorer",
              "state": {
                "sortOrder": "alphabetical"
              }
            }
          }
        ],
        "currentTab": 3
      }
    ],
    "direction": "horizontal",
    "width": 263.5
  },
  "right": {
    "id": "99355177ecb8d3b3",
    "type": "split",
    "children": [
      {
        "id": "c7933c069f96e3b6",
        "type": "tabs",
        "children": [
          {
            "id": "d357bf85f6bf5131",
            "type": "leaf",
            "state": {
              "type": "backlink",
              "state": {
                "file": "Atoms/minimalist decision making.md",
                "collapseAll": false,
                "extraContext": false,
                "sortOrder": "alphabetical",
                "showSearch": false,
                "searchQuery": "",
                "backlinkCollapsed": false,
                "unlinkedCollapsed": true
              }
            }
          },
          {
            "id": "e78ca0c1ffc0ff53",
            "type": "leaf",
            "state": {
              "type": "outgoing-link",
              "state": {
                "file": "Atoms/minimalist decision making.md",
                "linksCollapsed": false,
                "unlinkedCollapsed": true
              }
            }
          },
          {
            "id": "90f65456a57a8a19",
            "type": "leaf",
            "state": {
              "type": "tag",
              "state": {
                "sortOrder": "frequency",
                "useHierarchy": true
              }
            }
          },
          {
            "id": "f657579cc51ce52f",
            "type": "leaf",
            "state": {
              "type": "outline",
              "state": {
                "file": "Atoms/minimalist decision making.md"
              }
            }
          }
        ],
        "currentTab": 3
      }
    ],
    "direction": "horizontal",
    "width": 539.5,
    "collapsed": true
  },
  "left-ribbon": {
    "hiddenItems": {
      "obsidian-excalidraw-plugin:Create new drawing": false,
      "switcher:Open quick switcher": false,
      "graph:Open graph view": false,
      "canvas:Create new canvas": false,
      "daily-notes:Open today's daily note": false,
      "templates:Insert template": false,
      "command-palette:Open command palette": false
    }
  },
  "active": "c263bda1e273db0a",
  "lastOpenFiles": [
    "Atoms/Fsheet.md",
    "Atoms/minimalist decision making.md",
    "Atoms/Geeksforgeeks.md",
    "Atoms/Important problems.md",
    "Atoms/Problem Solving.md",
    "Atoms/Praveen.md",
    "Atoms/Selection Sort.md",
    "Atoms/Selection sort readable code.md",
    "Atoms/Test Retrofit.md",
    "Atoms/Unit Testing Android.md",
    "Atoms/unit testing with dialog shadow.md",
    "Atoms/unit testing anonymous classes.md",
    "Atoms/Argument captor for anonymous classes.md",
    "Atoms/Recursion.md",
    "Atoms/Recursion problems.md",
    "Atoms/Sort a stack using recursion.md",
    "Atoms/Hashing.md",
    "Files/Pasted image 20241003152123.png",
    "Files/Pasted image 20241003152107.png",
    "Files/Pasted image 20241003152034.png",
    "Atoms/temp problem solving.md",
    "Files/Pasted image 20241001133733.png",
    "Atoms/Find all factorial.md",
    "Files/Pasted image 20241001115413.png",
    "Atoms/Recursion fundmental.md",
    "Atoms/unit testing boiler plate.md",
    "Atoms/Using binding.md",
    "Atoms/Exception testing.md",
    "Atoms/realtime example.md",
    "Atoms/I give a try.md",
    "Atoms/Foundation.md",
    "Files/Pasted image 20240905185546.png",
    "Untitled 1.canvas",
    "Files/Pasted image 20240710195016.png",
    "Files/Pasted image 20240710194831.png",
    "Files/Pasted image 20240710194815.png",
    "Files/Pasted image 20240710194734.png",
    "Untitled.canvas",
    "Excalidraw/Scripts/Downloaded",
    "Excalidraw/Scripts",
    "Excalidraw",
    "removeTooltip",
    "2255.pdf",
    "Android development",
    "Files/OngoingCallFragmentTest 2.kt",
    "Files/AddTeamAdapterTest.kt",
    "Files/HelpAndSupportFragmentTest.kt"
  ]
}