{
  "main": {
    "id": "001b3cfa9dd3b5b0",
    "type": "split",
    "children": [
      {
        "id": "77121b96d6a35956",
        "type": "tabs",
        "children": [
          {
            "id": "cf50da91f3f974de",
            "type": "leaf",
            "state": {
              "type": "markdown",
              "state": {
                "file": "Atoms/Aug 2024 Fourth week.md",
                "mode": "source",
                "source": false
              }
            }
          },
          {
            "id": "6e651c1ee13e7a5b",
            "type": "leaf",
            "state": {
              "type": "markdown",
              "state": {
                "file": "Atoms/Fsheet.md",
                "mode": "source",
                "source": false
              }
            }
          },
          {
            "id": "33fb231e8ad2b11b",
            "type": "leaf",
            "state": {
              "type": "markdown",
              "state": {
                "file": "Atoms/leetcode.md",
                "mode": "source",
                "source": false
              }
            }
          }
        ],
        "currentTab": 2
      }
    ],
    "direction": "vertical"
  },
  "left": {
    "id": "04393ad56c240d55",
    "type": "split",
    "children": [
      {
        "id": "85e5aac521de5a56",
        "type": "tabs",
        "children": [
          {
            "id": "fde1b52ea0e250bf",
            "type": "leaf",
            "state": {
              "type": "diagram-edit",
              "state": {
                "file": "Atoms/Untitled Diagram.svg"
              }
            }
          },
          {
            "id": "76b351b5e6cb527b",
            "type": "leaf",
            "state": {
              "type": "search",
              "state": {
                "query": "",
                "matchingCase": false,
                "explainSearch": false,
                "collapseAll": false,
                "extraContext": false,
                "sortOrder": "alphabetical"
              }
            }
          },
          {
            "id": "b096c8afabee5e2e",
            "type": "leaf",
            "state": {
              "type": "bookmarks",
              "state": {}
            }
          },
          {
            "id": "70d21ff08c907923",
            "type": "leaf",
            "state": {
              "type": "file-explorer",
              "state": {
                "sortOrder": "alphabetical"
              }
            }
          }
        ],
        "currentTab": 3
      }
    ],
    "direction": "horizontal",
    "width": 263.5
  },
  "right": {
    "id": "99355177ecb8d3b3",
    "type": "split",
    "children": [
      {
        "id": "c7933c069f96e3b6",
        "type": "tabs",
        "children": [
          {
            "id": "d357bf85f6bf5131",
            "type": "leaf",
            "state": {
              "type": "backlink",
              "state": {
                "file": "Atoms/leetcode.md",
                "collapseAll": false,
                "extraContext": false,
                "sortOrder": "alphabetical",
                "showSearch": false,
                "searchQuery": "",
                "backlinkCollapsed": false,
                "unlinkedCollapsed": true
              }
            }
          },
          {
            "id": "e78ca0c1ffc0ff53",
            "type": "leaf",
            "state": {
              "type": "outgoing-link",
              "state": {
                "file": "Atoms/leetcode.md",
                "linksCollapsed": false,
                "unlinkedCollapsed": true
              }
            }
          },
          {
            "id": "90f65456a57a8a19",
            "type": "leaf",
            "state": {
              "type": "tag",
              "state": {
                "sortOrder": "frequency",
                "useHierarchy": true
              }
            }
          },
          {
            "id": "f657579cc51ce52f",
            "type": "leaf",
            "state": {
              "type": "outline",
              "state": {
                "file": "Atoms/leetcode.md"
              }
            }
          }
        ],
        "currentTab": 3
      }
    ],
    "direction": "horizontal",
    "width": 539.5,
    "collapsed": true
  },
  "left-ribbon": {
    "hiddenItems": {
      "obsidian-excalidraw-plugin:Create new drawing": false,
      "switcher:Open quick switcher": false,
      "graph:Open graph view": false,
      "canvas:Create new canvas": false,
      "daily-notes:Open today's daily note": false,
      "templates:Insert template": false,
      "command-palette:Open command palette": false
    }
  },
  "active": "70d21ff08c907923",
  "lastOpenFiles": [
    "Atoms/find the if the array is sorted and rotated.md",
    "Atoms/leetcode.md",
    "Atoms/Fsheet.md",
    "Atoms/Aug 2024 Fourth week.md",
    "Atoms/Hindi (Every Mondy revise Please).md",
    "Atoms/bitmap to uri (bytearray,outputstream).md",
    "Atoms/JEE by Kamakoti IIT.md",
    "Atoms/temporary notes.md",
    "Atoms/Personal project ideas.md",
    "Atoms/license.md",
    "Atoms/github.md",
    "Atoms/dependencies gradle.md",
    "Atoms/Top-level build gradle.md",
    "Atoms/Dagger - Hilt(xml).md",
    "Atoms/hilt compose.md",
    "Atoms/Android Journaling.md",
    "Atoms/Aug 2024 thirdWeek.md",
    "Atoms/Road Map for android.md",
    "Atoms/Navigation Compose.md",
    "Atoms/Room Databast.md",
    "Atoms/Retrofit.md",
    "Atoms/Android Learning.md",
    "Atoms/Must learn concepts.md",
    "Atoms/advanced android concepts.md",
    "Atoms/Useful Android ytube channels.md",
    "Atoms/Afternoon plan.md",
    "Files/Pasted image 20240710195016.png",
    "Files/Pasted image 20240710194831.png",
    "Files/Pasted image 20240710194815.png",
    "Files/Pasted image 20240710194734.png",
    "Files/Pasted image 20240709164515.png",
    "Files/Pasted image 20240709164511.png",
    "Files/Pasted image 20240701160202.png",
    "Files/Pasted image 20240701160144.png",
    "Files/Pasted image 20240626182721.png",
    "Files/Pasted image 20240626182706.png",
    "Untitled.canvas",
    "Excalidraw/Scripts/Downloaded",
    "Excalidraw/Scripts",
    "Excalidraw",
    "removeTooltip",
    "2255.pdf",
    "Untitled 1.canvas",
    "Android development",
    "Files/OngoingCallFragmentTest 2.kt",
    "Files/AddTeamAdapterTest.kt",
    "Files/HelpAndSupportFragmentTest.kt"
  ]
}