{
  "main": {
    "id": "001b3cfa9dd3b5b0",
    "type": "split",
    "children": [
      {
        "id": "1fe1d59608eb29b3",
        "type": "tabs",
        "children": [
          {
            "id": "2307c5085107e877",
            "type": "leaf",
            "state": {
              "type": "markdown",
              "state": {
                "file": "Atoms/Fsheet.md",
                "mode": "source",
                "source": false
              },
              "icon": "lucide-file",
              "title": "Fsheet"
            }
          }
        ]
      }
    ],
    "direction": "vertical"
  },
  "left": {
    "id": "04393ad56c240d55",
    "type": "split",
    "children": [
      {
        "id": "85e5aac521de5a56",
        "type": "tabs",
        "children": [
          {
            "id": "fde1b52ea0e250bf",
            "type": "leaf",
            "state": {
              "type": "diagram-edit",
              "state": {
                "file": "Atoms/Untitled Diagram.svg"
              },
              "icon": "lucide-file",
              "title": "Plugin no longer active"
            }
          },
          {
            "id": "76b351b5e6cb527b",
            "type": "leaf",
            "state": {
              "type": "search",
              "state": {
                "query": "mermaid",
                "matchingCase": false,
                "explainSearch": false,
                "collapseAll": false,
                "extraContext": false,
                "sortOrder": "alphabetical"
              },
              "icon": "lucide-search",
              "title": "Search"
            }
          },
          {
            "id": "b096c8afabee5e2e",
            "type": "leaf",
            "state": {
              "type": "bookmarks",
              "state": {},
              "icon": "lucide-bookmark",
              "title": "Bookmarks"
            }
          },
          {
            "id": "70d21ff08c907923",
            "type": "leaf",
            "state": {
              "type": "file-explorer",
              "state": {
                "sortOrder": "alphabetical"
              },
              "icon": "lucide-folder-closed",
              "title": "Files"
            }
          }
        ],
        "currentTab": 3
      }
    ],
    "direction": "horizontal",
    "width": 263.5
  },
  "right": {
    "id": "99355177ecb8d3b3",
    "type": "split",
    "children": [
      {
        "id": "c7933c069f96e3b6",
        "type": "tabs",
        "children": [
          {
            "id": "d357bf85f6bf5131",
            "type": "leaf",
            "state": {
              "type": "backlink",
              "state": {
                "file": "Atoms/Fsheet.md",
                "collapseAll": false,
                "extraContext": false,
                "sortOrder": "alphabetical",
                "showSearch": false,
                "searchQuery": "",
                "backlinkCollapsed": false,
                "unlinkedCollapsed": true
              },
              "icon": "links-coming-in",
              "title": "Backlinks for Fsheet"
            }
          },
          {
            "id": "e78ca0c1ffc0ff53",
            "type": "leaf",
            "state": {
              "type": "outgoing-link",
              "state": {
                "file": "Atoms/Fsheet.md",
                "linksCollapsed": false,
                "unlinkedCollapsed": true
              },
              "icon": "links-going-out",
              "title": "Outgoing links from Fsheet"
            }
          },
          {
            "id": "90f65456a57a8a19",
            "type": "leaf",
            "state": {
              "type": "tag",
              "state": {
                "sortOrder": "frequency",
                "useHierarchy": true
              },
              "icon": "lucide-tags",
              "title": "Tags"
            }
          },
          {
            "id": "f657579cc51ce52f",
            "type": "leaf",
            "state": {
              "type": "outline",
              "state": {
                "file": "Atoms/Fsheet.md"
              },
              "icon": "lucide-list",
              "title": "Outline of Fsheet"
            }
          }
        ],
        "currentTab": 3
      }
    ],
    "direction": "horizontal",
    "width": 539.5,
    "collapsed": true
  },
  "left-ribbon": {
    "hiddenItems": {
      "obsidian-excalidraw-plugin:Create new drawing": false,
      "switcher:Open quick switcher": false,
      "graph:Open graph view": false,
      "canvas:Create new canvas": false,
      "daily-notes:Open today's daily note": false,
      "templates:Insert template": false,
      "command-palette:Open command palette": false
    }
  },
  "active": "2307c5085107e877",
  "lastOpenFiles": [
    "Atoms/leetcode.md",
    "Atoms/Fsheet.md",
    "Atoms/Open ai api.md",
    "Atoms/Afternoon checklist.md",
    "Atoms/Aptiv.md",
    "Atoms/password-aptiv.md",
    "Atoms/Problem Solving.md",
    "Atoms/Important problems.md",
    "Atoms/Api keys.md",
    "Atoms/mail using sendgrid (apikey).md",
    "Atoms/PF (UAN).md",
    "Atoms/IITM.md",
    "Files/Pasted image 20241128130608.png",
    "Atoms/Git.md",
    "Atoms/find the if the array is sorted and rotated.md",
    "Atoms/BS iitm.md",
    "Atoms/bs problem.md",
    "Atoms/usb.md",
    "Atoms/sequence diagram.md",
    "Atoms/diagram.md",
    "Atoms/Geeksforgeeks.md",
    "Atoms/works P.md",
    "Atoms/Sheets roadmap.md",
    "Atoms/retrofit with and without hilt explanation.md",
    "Atoms/Retrofit.md",
    "Atoms/free api websites.md",
    "Files/Pasted image 20241030182733.png",
    "Files/Pasted image 20241030182526.png",
    "Atoms/Dictionary app using MVVM and retrofit.md",
    "Files/Pasted image 20241003152123.png",
    "Files/Pasted image 20241003152107.png",
    "Files/Pasted image 20241003152034.png",
    "Files/Pasted image 20241001133733.png",
    "Files/Pasted image 20241001115413.png",
    "Files/Pasted image 20240905185546.png",
    "Untitled 1.canvas",
    "Files/Pasted image 20240710195016.png",
    "Untitled.canvas",
    "Excalidraw/Scripts/Downloaded",
    "Excalidraw/Scripts",
    "Excalidraw",
    "removeTooltip",
    "2255.pdf",
    "Android development",
    "Files/OngoingCallFragmentTest 2.kt",
    "Files/AddTeamAdapterTest.kt",
    "Files/HelpAndSupportFragmentTest.kt"
  ]
}