{
  "main": {
    "id": "001b3cfa9dd3b5b0",
    "type": "split",
    "children": [
      {
        "id": "7f08ff05f0fd9c40",
        "type": "tabs",
        "children": [
          {
            "id": "c1271de9ea8eea16",
            "type": "leaf",
            "state": {
              "type": "empty",
              "state": {}
            }
          }
        ]
      }
    ],
    "direction": "vertical"
  },
  "left": {
    "id": "04393ad56c240d55",
    "type": "split",
    "children": [
      {
        "id": "85e5aac521de5a56",
        "type": "tabs",
        "children": [
          {
            "id": "fde1b52ea0e250bf",
            "type": "leaf",
            "state": {
              "type": "file-explorer",
              "state": {
                "sortOrder": "alphabetical"
              }
            }
          },
          {
            "id": "76b351b5e6cb527b",
            "type": "leaf",
            "state": {
              "type": "search",
              "state": {
                "query": "",
                "matchingCase": false,
                "explainSearch": false,
                "collapseAll": false,
                "extraContext": false,
                "sortOrder": "alphabetical"
              }
            }
          },
          {
            "id": "b096c8afabee5e2e",
            "type": "leaf",
            "state": {
              "type": "bookmarks",
              "state": {}
            }
          }
        ]
      }
    ],
    "direction": "horizontal",
    "width": 300
  },
  "right": {
    "id": "99355177ecb8d3b3",
    "type": "split",
    "children": [
      {
        "id": "c7933c069f96e3b6",
        "type": "tabs",
        "children": [
          {
            "id": "d357bf85f6bf5131",
            "type": "leaf",
            "state": {
              "type": "backlink",
              "state": {
                "collapseAll": false,
                "extraContext": false,
                "sortOrder": "alphabetical",
                "showSearch": false,
                "searchQuery": "",
                "backlinkCollapsed": false,
                "unlinkedCollapsed": true
              }
            }
          },
          {
            "id": "e78ca0c1ffc0ff53",
            "type": "leaf",
            "state": {
              "type": "outgoing-link",
              "state": {
                "linksCollapsed": false,
                "unlinkedCollapsed": true
              }
            }
          },
          {
            "id": "90f65456a57a8a19",
            "type": "leaf",
            "state": {
              "type": "tag",
              "state": {
                "sortOrder": "frequency",
                "useHierarchy": true
              }
            }
          },
          {
            "id": "f657579cc51ce52f",
            "type": "leaf",
            "state": {
              "type": "outline",
              "state": {}
            }
          }
        ]
      }
    ],
    "direction": "horizontal",
    "width": 300,
    "collapsed": true
  },
  "left-ribbon": {
    "hiddenItems": {
      "switcher:Open quick switcher": false,
      "graph:Open graph view": false,
      "canvas:Create new canvas": false,
      "daily-notes:Open today's daily note": false,
      "templates:Insert template": false,
      "command-palette:Open command palette": false
    }
  },
  "active": "c1271de9ea8eea16",
  "lastOpenFiles": [
    "Atoms/hindi.md",
    "Atoms/Shadow Implemented Class.md",
    "Atoms/getView in fragments.md",
    "Atoms/Shadows.md",
    "Atoms/Aptiv.md",
    "Atoms/Git Commands.md",
    "Atoms/Git.md",
    "Atoms/Event Handling.md",
    "Atoms/Fragment Test Setup.md",
    "Atoms/Fragment management.md",
    "Atoms/Dispatch Touch Events.md",
    "Atoms/Simple example task.md",
    "Atoms/Setup.md",
    "Atoms/onCreate unitesting.md",
    "Atoms/Fsheet.md",
    "Atoms/Dependency Injection.md",
    "Atoms/Mockito.md",
    "Files/PlayControlsFragmentTest 1.kt",
    "Files/FragmentCategoryListingTest (1).kt",
    "Atoms/Learning methods.md"
  ]
}