{
  "main": {
    "id": "001b3cfa9dd3b5b0",
    "type": "split",
    "children": [
      {
        "id": "83820f3016da78da",
        "type": "tabs",
        "children": [
          {
            "id": "09c0655d5b71cd55",
            "type": "leaf",
            "state": {
              "type": "empty",
              "state": {}
            }
          }
        ]
      }
    ],
    "direction": "vertical"
  },
  "left": {
    "id": "04393ad56c240d55",
    "type": "split",
    "children": [
      {
        "id": "85e5aac521de5a56",
        "type": "tabs",
        "children": [
          {
            "id": "fde1b52ea0e250bf",
            "type": "leaf",
            "state": {
              "type": "diagram-edit",
              "state": {
                "file": "Atoms/Untitled Diagram.svg"
              }
            }
          },
          {
            "id": "76b351b5e6cb527b",
            "type": "leaf",
            "state": {
              "type": "search",
              "state": {
                "query": "git push ori",
                "matchingCase": false,
                "explainSearch": false,
                "collapseAll": false,
                "extraContext": false,
                "sortOrder": "alphabetical"
              }
            }
          },
          {
            "id": "b096c8afabee5e2e",
            "type": "leaf",
            "state": {
              "type": "bookmarks",
              "state": {}
            }
          },
          {
            "id": "70d21ff08c907923",
            "type": "leaf",
            "state": {
              "type": "file-explorer",
              "state": {
                "sortOrder": "alphabetical"
              }
            }
          }
        ],
        "currentTab": 3
      }
    ],
    "direction": "horizontal",
    "width": 200
  },
  "right": {
    "id": "99355177ecb8d3b3",
    "type": "split",
    "children": [
      {
        "id": "c7933c069f96e3b6",
        "type": "tabs",
        "children": [
          {
            "id": "d357bf85f6bf5131",
            "type": "leaf",
            "state": {
              "type": "backlink",
              "state": {
                "collapseAll": false,
                "extraContext": false,
                "sortOrder": "alphabetical",
                "showSearch": false,
                "searchQuery": "",
                "backlinkCollapsed": false,
                "unlinkedCollapsed": true
              }
            }
          },
          {
            "id": "e78ca0c1ffc0ff53",
            "type": "leaf",
            "state": {
              "type": "outgoing-link",
              "state": {
                "linksCollapsed": false,
                "unlinkedCollapsed": true
              }
            }
          },
          {
            "id": "90f65456a57a8a19",
            "type": "leaf",
            "state": {
              "type": "tag",
              "state": {
                "sortOrder": "frequency",
                "useHierarchy": true
              }
            }
          },
          {
            "id": "f657579cc51ce52f",
            "type": "leaf",
            "state": {
              "type": "outline",
              "state": {}
            }
          }
        ],
        "currentTab": 3
      }
    ],
    "direction": "horizontal",
    "width": 539.5,
    "collapsed": true
  },
  "left-ribbon": {
    "hiddenItems": {
      "obsidian-excalidraw-plugin:Create new drawing": false,
      "switcher:Open quick switcher": false,
      "graph:Open graph view": false,
      "canvas:Create new canvas": false,
      "daily-notes:Open today's daily note": false,
      "templates:Insert template": false,
      "command-palette:Open command palette": false
    }
  },
  "active": "09c0655d5b71cd55",
  "lastOpenFiles": [
    "Atoms/NAV in MF.md",
    "Atoms/Market related.md",
    "Atoms/Banking-  The next multibagger....md",
    "Files/Pasted image 20240429173018.png",
    "Atoms/Mockito call backs.md",
    "Files/Pasted image 20240611000325.png",
    "Atoms/specific works needs to be done.md",
    "Atoms/Looper(Shadows).md",
    "Atoms/packages.md",
    "Atoms/Standard equations.md",
    "Atoms/saturday Maths.md",
    "Atoms/password-aptiv.md",
    "Atoms/Mockito.md",
    "Atoms/Handler and post.md",
    "Atoms/onConfigurationChanged.md",
    "Atoms/Exception testing.md",
    "Atoms/onCreate unitesting.md",
    "Atoms/English.md",
    "Files/Pasted image 20240607123020.png",
    "Atoms/BS iitm.md",
    "Atoms/Shadows.md",
    "Files/Pasted image 20240606142745.png",
    "Atoms/Foundation from Aneesh Misty.md",
    "Atoms/Unit Testing Android.md",
    "Atoms/Git Commands.md",
    "Atoms/gitc - push code.md",
    "Atoms/Fsheet.md",
    "Atoms/Aptiv.md",
    "Atoms/uri parse drawable.md",
    "Atoms/bitmap to uri (bytearray,outputstream).md",
    "Untitled.canvas",
    "Files/Pasted image 20240603170415.png",
    "Files/Pasted image 20240603114125.png",
    "Files/Pasted image 20240603105654.png",
    "Files/Pasted image 20240601113450.png",
    "Files/Pasted image 20240601113305.png",
    "Files/Pasted image 20240601110419.png",
    "Excalidraw/Scripts/Downloaded",
    "Excalidraw/Scripts",
    "Excalidraw",
    "removeTooltip",
    "2255.pdf",
    "Untitled 1.canvas",
    "Android development",
    "Files/OngoingCallFragmentTest 2.kt",
    "Files/AddTeamAdapterTest.kt",
    "Files/HelpAndSupportFragmentTest.kt"
  ]
}