{
  "main": {
    "id": "68e83ce0501ab63f",
    "type": "split",
    "children": [
      {
        "id": "6790dbc30b1e2941",
        "type": "tabs",
        "children": [
          {
            "id": "b48d6194eb6942ba",
            "type": "leaf",
            "state": {
              "type": "markdown",
              "state": {
                "file": "Atoms/onCreate unitesting.md",
                "mode": "source",
                "source": false
              }
            }
          },
          {
            "id": "65f0ce1797c821f9",
            "type": "leaf",
            "state": {
              "type": "markdown",
              "state": {
                "file": "Atoms/Simple example task.md",
                "mode": "source",
                "source": false
              }
            }
          }
        ],
        "currentTab": 1
      }
    ],
    "direction": "vertical"
  },
  "left": {
    "id": "6cb171d6e4dc9a5f",
    "type": "split",
    "children": [
      {
        "id": "daeca479fd617eaf",
        "type": "tabs",
        "children": [
          {
            "id": "f6295ae855b7c45c",
            "type": "leaf",
            "state": {
              "type": "file-explorer",
              "state": {
                "sortOrder": "alphabetical"
              }
            }
          },
          {
            "id": "ad28ed1ab1d7dd92",
            "type": "leaf",
            "state": {
              "type": "search",
              "state": {
                "query": "",
                "matchingCase": false,
                "explainSearch": false,
                "collapseAll": false,
                "extraContext": false,
                "sortOrder": "alphabetical"
              }
            }
          },
          {
            "id": "20d37faf39538cde",
            "type": "leaf",
            "state": {
              "type": "bookmarks",
              "state": {}
            }
          }
        ]
      }
    ],
    "direction": "horizontal",
    "width": 300
  },
  "right": {
    "id": "14a092358af8ec1a",
    "type": "split",
    "children": [
      {
        "id": "d3f1de2808af5a55",
        "type": "tabs",
        "children": [
          {
            "id": "81bf15c6c3d918e6",
            "type": "leaf",
            "state": {
              "type": "backlink",
              "state": {
                "file": "Atoms/Simple example task.md",
                "collapseAll": false,
                "extraContext": false,
                "sortOrder": "alphabetical",
                "showSearch": false,
                "searchQuery": "",
                "backlinkCollapsed": false,
                "unlinkedCollapsed": true
              }
            }
          },
          {
            "id": "d99ba2d01f61b4b2",
            "type": "leaf",
            "state": {
              "type": "outgoing-link",
              "state": {
                "file": "Atoms/Simple example task.md",
                "linksCollapsed": false,
                "unlinkedCollapsed": true
              }
            }
          },
          {
            "id": "c14b25029ae89168",
            "type": "leaf",
            "state": {
              "type": "tag",
              "state": {
                "sortOrder": "frequency",
                "useHierarchy": true
              }
            }
          },
          {
            "id": "125bb103d43267f6",
            "type": "leaf",
            "state": {
              "type": "outline",
              "state": {
                "file": "Atoms/Simple example task.md"
              }
            }
          }
        ]
      }
    ],
    "direction": "horizontal",
    "width": 300,
    "collapsed": true
  },
  "left-ribbon": {
    "hiddenItems": {
      "switcher:Open quick switcher": false,
      "graph:Open graph view": false,
      "canvas:Create new canvas": false,
      "daily-notes:Open today's daily note": false,
      "templates:Insert template": false,
      "command-palette:Open command palette": false
    }
  },
  "active": "65f0ce1797c821f9",
  "lastOpenFiles": [
    "Atoms/Setup.md",
    "Atoms/onCreate unitesting.md",
    "Atoms/Mockito.md",
    "Atoms/Fragment Test Setup.md",
    "Atoms/Fsheet.md",
    "Files/Pasted image 20231109122314.png",
    "Files/Pasted image 20231109122103.png",
    "Files/Pasted image 20231027163844.png",
    "Shortcuts/Androd Basic shorts.md",
    "Atoms/Dependency Injection.md",
    "Files",
    "Shortcuts",
    "Atoms/Shortcuts/Untitled",
    "Shortcuts/Pc basic shortcuts.md",
    "Shortcuts/File manager.md",
    "Shortcuts/Android studio shortcuts Main.md",
    "Shortcuts/chrome.md",
    "Atoms/Aptiv.md",
    "Professional/Atoms/Obsidian.md",
    "Atoms/Fragment management.md",
    "Shortcuts/Windows logo shortcuts.md",
    "Files/Files & Images/🌟The Obsidian Beginner Resource List.html",
    "Atoms/Atoms",
    "Atoms/Simple example task.md",
    "Atoms/Using binding.md",
    "Professional/Android concepts/Testing/Task 1.zip.md",
    "Shortcuts/Chrome shortcuts.md",
    "Shortcuts/UTUBE.md",
    "Shortcuts/XML shorcuts.md",
    "Shortcuts/TextField shortcuts.md",
    "Untitled.md",
    "Shortcuts/Shortcuts"
  ]
}