{
  "main": {
    "id": "001b3cfa9dd3b5b0",
    "type": "split",
    "children": [
      {
        "id": "69f7f286f028d9bc",
        "type": "tabs",
        "children": [
          {
            "id": "cc261e003748bf6f",
            "type": "leaf",
            "state": {
              "type": "markdown",
              "state": {
                "file": "Atoms/Flutter concepts.md",
                "mode": "source",
                "source": false
              },
              "icon": "lucide-file",
              "title": "Flutter concepts"
            }
          }
        ]
      }
    ],
    "direction": "vertical"
  },
  "left": {
    "id": "04393ad56c240d55",
    "type": "split",
    "children": [
      {
        "id": "85e5aac521de5a56",
        "type": "tabs",
        "children": [
          {
            "id": "fde1b52ea0e250bf",
            "type": "leaf",
            "state": {
              "type": "diagram-edit",
              "state": {
                "file": "Atoms/Untitled Diagram.svg"
              },
              "icon": "lucide-file",
              "title": "Plugin no longer active"
            }
          },
          {
            "id": "76b351b5e6cb527b",
            "type": "leaf",
            "state": {
              "type": "search",
              "state": {
                "query": "",
                "matchingCase": false,
                "explainSearch": false,
                "collapseAll": false,
                "extraContext": false,
                "sortOrder": "alphabetical"
              },
              "icon": "lucide-search",
              "title": "Search"
            }
          },
          {
            "id": "b096c8afabee5e2e",
            "type": "leaf",
            "state": {
              "type": "bookmarks",
              "state": {},
              "icon": "lucide-bookmark",
              "title": "Bookmarks"
            }
          },
          {
            "id": "70d21ff08c907923",
            "type": "leaf",
            "state": {
              "type": "file-explorer",
              "state": {
                "sortOrder": "alphabetical",
                "autoReveal": false
              },
              "icon": "lucide-folder-closed",
              "title": "Files"
            }
          }
        ],
        "currentTab": 3
      }
    ],
    "direction": "horizontal",
    "width": 263.5
  },
  "right": {
    "id": "99355177ecb8d3b3",
    "type": "split",
    "children": [
      {
        "id": "c7933c069f96e3b6",
        "type": "tabs",
        "children": [
          {
            "id": "d357bf85f6bf5131",
            "type": "leaf",
            "state": {
              "type": "backlink",
              "state": {
                "file": "Atoms/Fsheet.md",
                "collapseAll": false,
                "extraContext": false,
                "sortOrder": "alphabetical",
                "showSearch": false,
                "searchQuery": "",
                "backlinkCollapsed": false,
                "unlinkedCollapsed": true
              },
              "icon": "links-coming-in",
              "title": "Backlinks for Fsheet"
            }
          },
          {
            "id": "e78ca0c1ffc0ff53",
            "type": "leaf",
            "state": {
              "type": "outgoing-link",
              "state": {
                "file": "Atoms/Fsheet.md",
                "linksCollapsed": false,
                "unlinkedCollapsed": true
              },
              "icon": "links-going-out",
              "title": "Outgoing links from Fsheet"
            }
          },
          {
            "id": "90f65456a57a8a19",
            "type": "leaf",
            "state": {
              "type": "tag",
              "state": {
                "sortOrder": "frequency",
                "useHierarchy": true
              },
              "icon": "lucide-tags",
              "title": "Tags"
            }
          },
          {
            "id": "f657579cc51ce52f",
            "type": "leaf",
            "state": {
              "type": "outline",
              "state": {
                "file": "Atoms/Fsheet.md"
              },
              "icon": "lucide-list",
              "title": "Outline of Fsheet"
            }
          }
        ],
        "currentTab": 3
      }
    ],
    "direction": "horizontal",
    "width": 539.5,
    "collapsed": true
  },
  "left-ribbon": {
    "hiddenItems": {
      "switcher:Open quick switcher": false,
      "graph:Open graph view": false,
      "canvas:Create new canvas": false,
      "daily-notes:Open today's daily note": false,
      "templates:Insert template": false,
      "command-palette:Open command palette": false
    }
  },
  "active": "cc261e003748bf6f",
  "lastOpenFiles": [
    "Atoms/Jun 2025.md",
    "Atoms/May 2025.md",
    "Atoms/dart syntax practice.md",
    "keystore.jks",
    "keystore",
    "Untitled",
    "Atoms/Dashboard flow.md",
    "Atoms/mApp flow.md",
    "Atoms/Problem Solving.md",
    "Atoms/Problems asked in the interview.md",
    "Atoms/problems.md",
    "Atoms/Android Learning.md",
    "Atoms/Android Questions.md",
    "Atoms/advanced android concepts.md",
    "Atoms/Must learn concepts.md",
    "Atoms/Android Related.md",
    "Atoms/Android Journaling.md",
    "Files/Task 1.zip.md",
    "Atoms/android dependency.md",
    "Atoms/leetcode.md",
    "Atoms/leetcode boiler.md",
    "Atoms/2025 reflection.md",
    "Atoms/2025-05-14.md",
    "Untitled.canvas",
    "Atoms/Jetpack Compose.md",
    "Atoms/mApp mail.md",
    "Atoms/token mApp.md",
    "Atoms/useful codes flutter.md",
    "Atoms/bottom app bar.md",
    "Atoms/current task (notification).md",
    "Files/Pasted image 20231109122103.png",
    "Untitled 3.canvas",
    "Files/Pasted image 20250228204150.png",
    "Files/Pasted image 20250218180330.png",
    "Untitled 2.canvas",
    "Files/Pasted image 20241128130608.png",
    "Files/Pasted image 20241030182733.png",
    "Files/Pasted image 20241030182526.png",
    "Files/Pasted image 20241003152123.png",
    "Files/Pasted image 20241003152107.png",
    "Files/Pasted image 20241003152034.png",
    "Files/Pasted image 20241001133733.png",
    "Untitled 1.canvas",
    "Excalidraw/Scripts/Downloaded",
    "Excalidraw/Scripts",
    "Excalidraw",
    "removeTooltip",
    "2255.pdf",
    "Android development",
    "Files/OngoingCallFragmentTest 2.kt"
  ]
}